ID,Name,Email,Gender,Status
2838,API Monitoring:f9vmy,apimonitoringf9vmy@synthetic.com,male,1
2842,API Monitoring:d5wilh,apimonitoringd5wilh@synthetic.com,male,1
2846,API Monitoring:jsrm09,apimonitoringjsrm09@synthetic.com,male,1
31,Kanaka Gowda,kanaka_gowda@wilkinson.net,male,1
34,Anwesha Somayaji,somayaji_anwesha@schaefer.info,female,0
35,Maheswar Dhawan JD,jd_dhawan_maheswar@hilpert.com,male,0
36,Mrs. Bhramar Khatri,bhramar_khatri_mrs@waelchi.biz,male,0
38,Akshat Singh,singh_akshat@walsh-langworth.co,male,1
2851,API Monitoring:koeti,apimonitoringkoeti@synthetic.com,male,1
41,Sen. Bhudeva Prajapat,sen_bhudeva_prajapat@stehr.org,female,0
42,Pranay Joshi II,ii_joshi_pranay@larkin.io,male,0
1462,API Monitoring:73p0q,apimonitoring73p0q@synthetic.com,male,1
44,Saroja Nehru,saroja_nehru@kihn-denesik.name,female,1
45,Chanda Pothuvaal,pothuvaal_chanda@dickinson.com,female,0
46,Kamala Pothuvaal,kamala_pothuvaal@romaguera-pfeffer.com,male,1
47,Keerti Dwivedi,keerti_dwivedi@powlowski-damore.com,male,0
48,Kin Prajapat,prajapat_kin@jacobs-ullrich.name,female,0
49,Girindra Dubashi MD,md_dubashi_girindra@fahey.name,male,0
50,Aasa Mukhopadhyay,aasa_mukhopadhyay@waelchi.net,female,1
51,Gajabahu Chattopadhyay,chattopadhyay_gajabahu@waters-tremblay.co,male,0
