id,name,email,gender,status
2674,API Monitoring:p8vne,apimonitoringp8vne@synthetic.com,male,1
2680,API Monitoring:tfjlgq,apimonitoringtfjlgq@synthetic.com,male,1
26,Mr. Rukmin Chopra,chopra_rukmin_mr@nikolaus.net,male,1
27,Prem Bhattacharya,bhattacharya_prem@mcglynn.co,female,0
29,Kailash Naik,naik_kailash@boehm-stanton.net,female,1
30,Bhramar Achari,achari_bhramar@beahan.co,male,1
32,Gopal Bandopadhyay,gopal_bandopadhyay@morissette.org,male,0
33,Dhruv Naik,dhruv_naik@yost.info,female,1
34,Lakshmidhar Adiga,lakshmidhar_adiga@stehr.io,female,0
35,Aagney Guha,aagney_guha@hackett.org,male,0
36,The Hon. Mohana Guneta,guneta_hon_the_mohana@cummerata.biz,male,1
37,Dulari Mahajan,mahajan_dulari@runolfsdottir.biz,female,0
38,Deeksha Prajapat,prajapat_deeksha@wisozk.co,female,1
39,Chandrabhaga Pandey,chandrabhaga_pandey@wolf.net,male,1
40,Rita Embranthiri,embranthiri_rita@kerluke.com,female,0
41,Indra Singh,singh_indra@hilll.info,female,0
42,Abhirath Bharadwaj III,iii_bharadwaj_abhirath@king.co,male,1
43,Trilokesh Sinha,sinha_trilokesh@littel.info,male,0
44,Kama Gandhi PhD,kama_phd_gandhi@conn.biz,male,1
45,Lila Sethi,sethi_lila@altenwerth.co,female,0
